iot_lora_id,port,arrtime,rssi,district,post_code,recording
17592,6,01/03/2024 00:17,-76,46,460024,audio/mpeg
17592,6,01/03/2024 00:49,-74,46,460024,audio/mpeg
17592,6,01/03/2024 01:04,-72,46,460024,audio/mpeg
17592,6,01/03/2024 01:14,-80,46,460024,audio/mpeg
17592,6,01/03/2024 01:42,-80,46,460024,audio/mpeg
7508,6,01/03/2024 01:45,-84,33,330062,audio/mpeg
7508,6,01/03/2024 02:02,-88,33,330062,audio/mpeg
7508,6,01/03/2024 02:02,-88,33,330062,audio/mpeg
7508,6,01/03/2024 02:07,-86,33,330062,audio/mpeg
7508,6,01/03/2024 02:07,-86,33,330062,audio/mpeg
7508,6,01/03/2024 02:13,-80,33,330062,audio/mpeg
7508,6,01/03/2024 02:13,-80,33,330062,audio/mpeg
7508,6,01/03/2024 02:19,-88,33,330062,audio/mpeg
7508,6,01/03/2024 02:29,-88,33,330062,audio/mpeg
7508,6,01/03/2024 02:29,-88,33,330062,audio/mpeg
7508,6,01/03/2024 02:34,-85,33,330062,audio/mpeg
7508,6,01/03/2024 02:34,-85,33,330062,audio/mpeg
13564,6,01/03/2024 08:39,-84,46,461031,audio/mpeg
17324,6,01/03/2024 11:51,-74,46,461023,audio/mpeg
15946,6,01/03/2024 15:34,-79,46,46003,audio/mpeg
14086,6,02/03/2024 00:27,-102,56,56042,audio/mpeg
3980,6,02/03/2024 09:08,-93,16,160124,audio/mpeg
8873,6,02/03/2024 10:37,-63,56,560257,audio/mpeg
1540,6,02/03/2024 13:31,-74,19,190004,audio/mpeg
18645,6,02/03/2024 21:41,-73,33,330032,audio/mpeg
19790,6,03/03/2024 00:53,-72,19,190009,audio/mpeg
5910,6,03/03/2024 12:50,-87,46,460544,audio/mpeg
21120,6,03/03/2024 15:10,-62,19,190009,audio/mpeg
21120,6,03/03/2024 15:13,-63,19,190009,audio/mpeg
3980,6,03/03/2024 16:21,-90,16,160124,audio/mpeg
3703,6,03/03/2024 21:37,-78,56,560257,audio/mpeg
3706,6,03/03/2024 21:39,-69,56,560257,audio/mpeg
12675,6,04/03/2024 01:35,-87,9,90004,audio/mpeg
18324,6,04/03/2024 06:25,-51,27,271001,audio/mpeg
18324,6,04/03/2024 06:35,-56,27,271001,audio/mpeg
18324,6,04/03/2024 06:35,-56,27,271001,audio/mpeg
18324,6,04/03/2024 06:39,-52,27,271001,audio/mpeg
3811,6,04/03/2024 11:24,-69,5,50005,audio/mpeg
17137,6,04/03/2024 14:42,-86,46,461039,audio/mpeg
19184,6,05/03/2024 16:45,-92,19,190008,audio/mpeg
12690,6,05/03/2024 20:19,-112,9,90003,audio/mpeg
1347,6,07/03/2024 02:45,-75,20,201007,audio/mpeg
1347,6,07/03/2024 02:46,-84,20,201007,audio/mpeg
1347,6,07/03/2024 02:46,-81,20,201007,audio/mpeg
1347,6,07/03/2024 02:47,-84,20,201007,audio/mpeg
1347,6,07/03/2024 02:48,-86,20,201007,audio/mpeg
1347,6,07/03/2024 03:10,-82,20,201007,audio/mpeg
1347,6,07/03/2024 03:20,-78,20,201007,audio/mpeg
1347,6,07/03/2024 03:20,-80,20,201007,audio/mpeg
1347,6,07/03/2024 03:20,-80,20,201007,audio/mpeg
1347,6,07/03/2024 03:44,-80,20,201007,audio/mpeg
1347,6,07/03/2024 03:45,-80,20,201007,audio/mpeg
1347,6,07/03/2024 03:53,-81,20,201007,audio/mpeg
1347,6,07/03/2024 04:19,-75,20,201007,audio/mpeg
1347,6,07/03/2024 04:29,-82,20,201007,audio/mpeg
1347,6,07/03/2024 05:08,-82,20,201007,audio/mpeg
1347,6,07/03/2024 05:08,-78,20,201007,audio/mpeg
1347,6,07/03/2024 05:41,-79,20,201007,audio/mpeg
1347,6,07/03/2024 06:22,-84,20,201007,audio/mpeg
1347,6,07/03/2024 07:10,-78,20,201007,audio/mpeg
1347,6,07/03/2024 07:10,-75,20,201007,audio/mpeg
20775,6,07/03/2024 07:19,-54,19,190008,audio/mpeg
1347,6,07/03/2024 08:14,-86,20,201007,audio/mpeg
1347,6,07/03/2024 08:15,-82,20,201007,audio/mpeg
1347,6,07/03/2024 08:15,-86,20,201007,audio/mpeg
1347,6,07/03/2024 08:16,-86,20,201007,audio/mpeg
1347,6,07/03/2024 08:17,-82,20,201007,audio/mpeg
1347,6,07/03/2024 09:04,-84,20,201007,audio/mpeg
1347,6,07/03/2024 09:04,-82,20,201007,audio/mpeg
1347,6,07/03/2024 09:28,-81,20,201007,audio/mpeg
1347,6,07/03/2024 09:29,-75,20,201007,audio/mpeg
1347,6,07/03/2024 09:33,-82,20,201007,audio/mpeg
1347,6,07/03/2024 09:34,-82,20,201007,audio/mpeg
1347,6,07/03/2024 09:34,-82,20,201007,audio/mpeg
1347,6,07/03/2024 09:34,-84,20,201007,audio/mpeg
1347,6,07/03/2024 09:34,-81,20,201007,audio/mpeg
1347,6,07/03/2024 09:34,-84,20,201007,audio/mpeg
1347,6,07/03/2024 09:34,-76,20,201007,audio/mpeg
1347,6,07/03/2024 09:34,-84,20,201007,audio/mpeg
1347,6,07/03/2024 09:34,-79,20,201007,audio/mpeg
1347,6,07/03/2024 09:34,-82,20,201007,audio/mpeg
1347,6,07/03/2024 09:37,-80,20,201007,audio/mpeg
1347,6,07/03/2024 10:14,-84,20,201007,audio/mpeg
1347,6,07/03/2024 10:44,-82,20,201007,audio/mpeg
1347,6,07/03/2024 10:50,-81,20,201007,audio/mpeg
1347,6,07/03/2024 10:50,-78,20,201007,audio/mpeg
1347,6,07/03/2024 11:14,-84,20,201007,audio/mpeg
1347,6,07/03/2024 11:15,-81,20,201007,audio/mpeg
1347,6,07/03/2024 11:16,-76,20,201007,audio/mpeg
1347,6,07/03/2024 11:17,-82,20,201007,audio/mpeg
1347,6,07/03/2024 11:20,-81,20,201007,audio/mpeg
1347,6,07/03/2024 11:20,-80,20,201007,audio/mpeg
1347,6,07/03/2024 11:21,-79,20,201007,audio/mpeg
1347,6,07/03/2024 12:25,-81,20,201007,audio/mpeg
1347,6,07/03/2024 13:45,-84,20,201007,audio/mpeg
20228,6,07/03/2024 17:25,-90,19,190009,audio/mpeg
12409,6,07/03/2024 20:55,-68,15,151117,audio/mpeg
7615,6,08/03/2024 00:26,-68,33,330061,audio/mpeg
12409,6,08/03/2024 02:54,-50,15,151117,audio/mpeg
12409,6,08/03/2024 04:20,-50,15,151117,audio/mpeg
12409,6,08/03/2024 08:28,-50,15,151117,audio/mpeg
19446,6,08/03/2024 10:10,-88,33,330031,audio/mpeg
7300,6,08/03/2024 11:17,-54,16,160124,audio/mpeg
12409,6,08/03/2024 14:16,-52,15,151117,audio/mpeg
920,6,08/03/2024 14:22,-31,52,521827,audio/mpeg
920,6,08/03/2024 14:22,-52,52,521827,audio/mpeg
12409,6,08/03/2024 14:22,-68,15,151117,audio/mpeg
920,6,08/03/2024 14:24,-38,52,521827,audio/mpeg
920,6,08/03/2024 14:24,-48,52,521827,audio/mpeg
920,6,08/03/2024 14:27,-44,52,521827,audio/mpeg
920,6,08/03/2024 14:27,-44,52,521827,audio/mpeg
920,6,08/03/2024 14:32,-33,52,521827,audio/mpeg
12409,6,08/03/2024 14:47,-56,15,151117,audio/mpeg
12409,6,08/03/2024 14:49,-63,15,151117,audio/mpeg
12409,6,08/03/2024 14:56,-60,15,151117,audio/mpeg
12409,6,08/03/2024 15:28,-60,15,151117,audio/mpeg
12409,6,08/03/2024 15:35,-48,15,151117,audio/mpeg
12409,6,08/03/2024 18:46,-57,15,151117,audio/mpeg
12409,6,08/03/2024 19:23,-57,15,151117,audio/mpeg
7705,6,08/03/2024 20:21,-60,16,160051,audio/mpeg
12409,6,08/03/2024 22:46,-51,15,151117,audio/mpeg
12409,6,08/03/2024 22:54,-54,15,151117,audio/mpeg
12409,6,09/03/2024 01:06,-49,15,151117,audio/mpeg
12409,6,09/03/2024 01:46,-58,15,151117,audio/mpeg
13489,6,09/03/2024 09:31,-75,46,460012,audio/mpeg
13237,6,09/03/2024 15:14,-69,46,461022,audio/mpeg
21657,6,09/03/2024 22:49,-113,33,330033,audio/mpeg
18485,6,10/03/2024 07:41,-100,33,330031,audio/mpeg
18485,6,10/03/2024 07:44,-86,33,330031,audio/mpeg
18485,6,10/03/2024 07:45,-93,33,330031,audio/mpeg
18485,6,10/03/2024 07:45,-82,33,330031,audio/mpeg
18485,6,10/03/2024 07:45,-103,33,330031,audio/mpeg
18485,6,10/03/2024 10:55,-96,33,330031,audio/mpeg
18485,6,10/03/2024 10:56,-112,33,330031,audio/mpeg
18485,6,10/03/2024 11:05,-92,33,330031,audio/mpeg
18485,6,10/03/2024 11:05,-80,33,330031,audio/mpeg
18485,6,10/03/2024 11:06,-92,33,330031,audio/mpeg
18485,6,10/03/2024 11:12,-90,33,330031,audio/mpeg
12409,6,10/03/2024 11:44,-49,15,151117,audio/mpeg
12409,6,10/03/2024 11:49,-50,15,151117,audio/mpeg
12409,6,10/03/2024 12:20,-56,15,151117,audio/mpeg
13242,6,10/03/2024 14:49,-52,46,46003,audio/mpeg
20530,6,11/03/2024 07:52,-68,19,190009,audio/mpeg
18485,6,11/03/2024 10:56,-96,33,330031,audio/mpeg
18485,6,11/03/2024 11:04,-92,33,330031,audio/mpeg
20530,6,11/03/2024 11:13,-66,19,190009,audio/mpeg
16255,6,11/03/2024 11:33,-51,37,37009,audio/mpeg
17705,6,11/03/2024 15:27,-86,46,460024,audio/mpeg
12865,6,11/03/2024 16:58,-93,46,461031,audio/mpeg
3074,6,12/03/2024 07:55,-48,57,570026,audio/mpeg
12301,6,12/03/2024 10:59,-54,9,90003,audio/mpeg
18485,6,12/03/2024 18:59,-110,33,330031,audio/mpeg
18485,6,12/03/2024 19:04,-96,33,330031,audio/mpeg
18735,6,13/03/2024 07:31,-80,27,271001,audio/mpeg
18485,6,13/03/2024 10:28,-96,33,330031,audio/mpeg
18347,6,13/03/2024 15:36,-57,27,271001,audio/mpeg
8082,6,13/03/2024 17:47,-86,9,90019,audio/mpeg
16591,6,13/03/2024 22:43,-64,37,37009,audio/mpeg
16591,6,13/03/2024 22:54,-72,37,37009,audio/mpeg
1762,6,14/03/2024 19:17,-49,19,190005,audio/mpeg
6468,6,14/03/2024 20:31,-84,33,330061,audio/mpeg
21153,6,14/03/2024 20:54,-91,33,330062,audio/mpeg
7802,6,15/03/2024 03:39,-82,16,160051,audio/mpeg
8045,6,15/03/2024 05:27,-95,33,330062,audio/mpeg
8045,6,15/03/2024 05:27,-95,33,330062,audio/mpeg
10008,6,15/03/2024 13:03,-64,33,330062,audio/mpeg
5391,6,16/03/2024 03:10,-92,16,160051,audio/mpeg
8045,6,16/03/2024 12:14,-84,33,330062,audio/mpeg
5948,6,16/03/2024 17:22,-84,15,150089,audio/mpeg
8045,6,16/03/2024 18:40,-100,33,330062,audio/mpeg
8045,6,17/03/2024 00:50,-98,33,330062,audio/mpeg
12649,6,17/03/2024 10:21,-90,31,310015,audio/mpeg
5030,6,17/03/2024 21:13,-72,16,160124,audio/mpeg
18816,6,17/03/2024 22:21,-72,33,330031,audio/mpeg
21888,6,18/03/2024 04:52,-81,15,151123,audio/mpeg
8601,6,18/03/2024 14:59,-76,33,330062,audio/mpeg
7534,6,19/03/2024 00:03,-72,16,160051,audio/mpeg
12306,6,19/03/2024 09:55,-102,15,151117,audio/mpeg
7572,6,19/03/2024 09:57,-63,33,330061,audio/mpeg
12306,6,19/03/2024 11:33,-102,15,151117,audio/mpeg
12306,6,19/03/2024 11:42,-99,15,151117,audio/mpeg
12306,6,19/03/2024 12:00,-100,15,151117,audio/mpeg
12306,6,19/03/2024 12:49,-106,15,151117,audio/mpeg
12306,6,19/03/2024 13:11,-108,15,151117,audio/mpeg
12306,6,19/03/2024 15:04,-100,15,151117,audio/mpeg
10194,6,20/03/2024 10:24,-84,15,151121,audio/mpeg
12306,6,20/03/2024 13:04,-100,15,151117,audio/mpeg
12306,6,20/03/2024 13:17,-102,15,151117,audio/mpeg
12306,6,20/03/2024 14:26,-97,15,151117,audio/mpeg
12306,6,20/03/2024 14:40,-110,15,151117,audio/mpeg
18387,6,20/03/2024 15:39,-82,33,330031,audio/mpeg
3465,6,20/03/2024 19:57,-88,16,160106,audio/mpeg
13297,6,21/03/2024 02:29,-97,46,460012,audio/mpeg
13297,6,21/03/2024 02:39,-93,46,460012,audio/mpeg
13297,6,21/03/2024 02:39,-93,46,460012,audio/mpeg
13297,6,21/03/2024 02:45,-93,46,460012,audio/mpeg
5235,6,21/03/2024 14:06,-105,37,37009,audio/mpeg
11048,6,21/03/2024 14:10,-72,15,150003,audio/mpeg
1500,6,21/03/2024 14:10,-73,31,310005,audio/mpeg
12306,6,21/03/2024 14:37,-88,15,151117,audio/mpeg
12306,6,21/03/2024 14:52,-90,15,151117,audio/mpeg
12306,6,21/03/2024 17:10,-84,15,151117,audio/mpeg
12306,6,21/03/2024 17:37,-81,15,151117,audio/mpeg
20714,6,21/03/2024 22:18,-78,19,190008,audio/mpeg
15353,6,22/03/2024 03:38,-62,46,461038,audio/mpeg
15353,6,22/03/2024 03:39,-63,46,461038,audio/mpeg
15353,6,22/03/2024 03:39,-63,46,461038,audio/mpeg
15353,6,22/03/2024 03:39,-82,46,461038,audio/mpeg
15353,6,22/03/2024 03:39,-62,46,461038,audio/mpeg
20039,6,22/03/2024 04:58,-87,19,190009,audio/mpeg
18887,6,22/03/2024 14:21,-62,33,330033,audio/mpeg
7371,6,22/03/2024 16:28,-78,33,330062,audio/mpeg
13297,6,23/03/2024 00:25,-98,46,460012,audio/mpeg
13297,6,23/03/2024 00:45,-96,46,460012,audio/mpeg
15027,6,23/03/2024 07:48,-64,73,730003,audio/mpeg
13297,6,24/03/2024 12:21,-94,46,460012,audio/mpeg
5153,6,24/03/2024 18:19,-67,16,161079,audio/mpeg
13297,6,25/03/2024 09:55,-93,46,460012,audio/mpeg
6508,6,26/03/2024 11:42,-72,15,150089,audio/mpeg
1605,6,26/03/2024 14:13,-74,20,201007,audio/mpeg
12604,6,26/03/2024 14:14,-63,46,461031,audio/mpeg
12564,6,26/03/2024 14:15,-54,46,461031,audio/mpeg
22209,6,28/03/2024 10:02,-92,15,150089,audio/mpeg
19215,6,28/03/2024 14:44,-68,33,330033,audio/mpeg
12986,6,28/03/2024 21:07,-98,46,461031,audio/mpeg
22111,6,28/03/2024 21:21,-63,15,150089,audio/mpeg
20176,6,29/03/2024 04:23,-92,33,330031,audio/mpeg
13970,6,29/03/2024 10:07,-88,56,560217,audio/mpeg
13970,6,29/03/2024 10:10,-90,56,560217,audio/mpeg
4801,6,29/03/2024 18:47,-72,16,160106,audio/mpeg
18722,6,30/03/2024 06:34,-80,27,271001,audio/mpeg
3936,6,30/03/2024 08:18,-66,5,50005,audio/mpeg
21571,6,30/03/2024 13:33,-63,46,461023,audio/mpeg
7964,6,30/03/2024 21:29,-87,33,330061,audio/mpeg
2356,6,31/03/2024 10:02,-96,19,190005,audio/mpeg
21466,6,31/03/2024 12:10,-80,46,460024,audio/mpeg
4227,6,31/03/2024 15:46,-96,56,560115,audio/mpeg
1380,6,31/03/2024 23:44,-78,20,201007,audio/mpeg
14949,6,02/04/2024 11:26,-60,73,730003,audio/mpeg
2905,6,02/04/2024 11:55,-63,57,570026,audio/mpeg
2905,6,02/04/2024 11:55,-92,57,570026,audio/mpeg
2905,6,02/04/2024 11:55,-65,57,570026,audio/mpeg
2905,6,02/04/2024 11:55,-104,57,570026,audio/mpeg
2905,6,02/04/2024 11:55,-75,57,570026,audio/mpeg
2905,6,02/04/2024 11:55,-88,57,570026,audio/mpeg
2905,6,02/04/2024 11:58,-63,57,570026,audio/mpeg
2905,6,02/04/2024 11:58,-92,57,570026,audio/mpeg
2905,6,02/04/2024 11:59,-63,57,570026,audio/mpeg
2905,6,02/04/2024 11:59,-94,57,570026,audio/mpeg
2905,6,02/04/2024 11:59,-86,57,570026,audio/mpeg
2905,6,02/04/2024 11:59,-79,57,570026,audio/mpeg
2905,6,02/04/2024 11:59,-92,57,570026,audio/mpeg
12974,6,02/04/2024 17:55,-80,46,461031,audio/mpeg
12974,6,02/04/2024 17:55,-80,46,461031,audio/mpeg
8062,6,02/04/2024 21:56,-66,16,160051,audio/mpeg
2317,6,02/04/2024 22:50,-64,19,190004,audio/mpeg
2317,6,02/04/2024 22:50,-64,19,190004,audio/mpeg
5485,6,03/04/2024 04:04,-88,16,160051,audio/mpeg
20475,6,03/04/2024 05:59,-57,19,190009,audio/mpeg
14718,6,03/04/2024 22:12,-64,73,730004,audio/mpeg
14564,6,04/04/2024 15:34,-78,73,730004,audio/mpeg
20054,6,04/04/2024 17:33,-86,56,56042,audio/mpeg
20054,6,05/04/2024 13:49,-62,56,56042,audio/mpeg
20054,6,05/04/2024 15:09,-38,56,56042,audio/mpeg
19362,6,05/04/2024 18:20,-90,33,330032,audio/mpeg
19362,6,05/04/2024 18:20,-90,33,330032,audio/mpeg
2673,6,06/04/2024 10:32,-82,19,190005,audio/mpeg
15810,6,06/04/2024 10:42,-86,15,150003,audio/mpeg
2673,6,06/04/2024 11:17,-70,19,190005,audio/mpeg
2673,6,06/04/2024 11:41,-87,19,190005,audio/mpeg
14545,6,06/04/2024 16:32,-74,73,730004,audio/mpeg
8850,6,06/04/2024 17:05,-86,33,330062,audio/mpeg
11953,6,07/04/2024 06:15,-80,15,150003,audio/mpeg
3091,6,07/04/2024 10:29,-60,16,160106,audio/mpeg
3091,6,07/04/2024 10:36,-58,16,160106,audio/mpeg
3091,6,07/04/2024 10:39,-54,16,160106,audio/mpeg
3091,6,07/04/2024 10:42,-68,16,160106,audio/mpeg
9022,6,07/04/2024 12:21,-70,20,201007,audio/mpeg
12409,6,07/04/2024 21:16,-48,15,151117,audio/mpeg
12409,6,07/04/2024 21:16,-48,15,151117,audio/mpeg
15196,6,07/04/2024 21:18,-52,46,461038,audio/mpeg
1492,6,07/04/2024 22:19,-81,31,310005,audio/mpeg
1492,6,07/04/2024 23:07,-74,31,310005,audio/mpeg
1957,6,07/04/2024 23:16,-57,31,310005,audio/mpeg
3512,6,07/04/2024 23:52,-93,56,560257,audio/mpeg
3512,6,08/04/2024 01:06,-84,56,560257,audio/mpeg
3512,6,08/04/2024 01:08,-84,56,560257,audio/mpeg
3512,6,08/04/2024 01:08,-88,56,560257,audio/mpeg
3512,6,08/04/2024 01:19,-90,56,560257,audio/mpeg
3512,6,08/04/2024 01:24,-88,56,560257,audio/mpeg
3512,6,08/04/2024 01:33,-100,56,560257,audio/mpeg
3512,6,08/04/2024 01:34,-87,56,560257,audio/mpeg
3512,6,08/04/2024 01:37,-86,56,560257,audio/mpeg
3512,6,08/04/2024 01:48,-86,56,560257,audio/mpeg
3512,6,08/04/2024 02:02,-86,56,560257,audio/mpeg
3512,6,08/04/2024 02:08,-98,56,560257,audio/mpeg
3512,6,08/04/2024 02:15,-80,56,560257,audio/mpeg
3512,6,08/04/2024 02:15,-80,56,560257,audio/mpeg
3512,6,08/04/2024 02:20,-84,56,560257,audio/mpeg
3512,6,08/04/2024 02:20,-84,56,560257,audio/mpeg
3512,6,08/04/2024 02:26,-88,56,560257,audio/mpeg
3512,6,08/04/2024 02:26,-88,56,560257,audio/mpeg
3512,6,08/04/2024 02:31,-86,56,560257,audio/mpeg
3512,6,08/04/2024 02:40,-84,56,560257,audio/mpeg
3512,6,08/04/2024 02:47,-81,56,560257,audio/mpeg
3512,6,08/04/2024 02:59,-81,56,560257,audio/mpeg
3512,6,08/04/2024 03:09,-84,56,560257,audio/mpeg
3512,6,08/04/2024 03:17,-84,56,560257,audio/mpeg
3512,6,08/04/2024 03:17,-84,56,560257,audio/mpeg
3512,6,08/04/2024 03:22,-81,56,560257,audio/mpeg
3512,6,08/04/2024 03:28,-84,56,560257,audio/mpeg
3512,6,08/04/2024 04:14,-82,56,560257,audio/mpeg
3512,6,08/04/2024 04:29,-84,56,560257,audio/mpeg
3512,6,08/04/2024 04:41,-78,56,560257,audio/mpeg
3512,6,08/04/2024 05:09,-88,56,560257,audio/mpeg
3512,6,08/04/2024 06:46,-81,56,560257,audio/mpeg
5418,6,08/04/2024 08:43,-91,16,160051,audio/mpeg
8832,6,08/04/2024 09:32,-90,33,330062,audio/mpeg
5418,6,08/04/2024 10:18,-91,16,160051,audio/mpeg
9875,6,08/04/2024 12:50,-66,16,160052,audio/mpeg
5418,6,08/04/2024 14:01,-87,16,160051,audio/mpeg
20106,6,08/04/2024 14:39,-68,33,330033,audio/mpeg
22206,6,08/04/2024 14:40,-86,9,90003,audio/mpeg
5418,6,08/04/2024 16:51,-88,16,160051,audio/mpeg
14995,6,08/04/2024 19:49,-75,73,730004,audio/mpeg
14995,6,08/04/2024 19:49,-75,73,730004,audio/mpeg
10116,6,08/04/2024 22:55,-82,21,210047,audio/mpeg
10116,6,08/04/2024 23:04,-81,21,210047,audio/mpeg
10116,6,08/04/2024 23:16,-77,21,210047,audio/mpeg
10116,6,08/04/2024 23:18,-80,21,210047,audio/mpeg
10116,6,08/04/2024 23:22,-78,21,210047,audio/mpeg
10116,6,08/04/2024 23:23,-84,21,210047,audio/mpeg
10116,6,08/04/2024 23:23,-80,21,210047,audio/mpeg
10116,6,08/04/2024 23:42,-84,21,210047,audio/mpeg
10116,6,08/04/2024 23:53,-79,21,210047,audio/mpeg
10116,6,09/04/2024 00:03,-82,21,210047,audio/mpeg
10116,6,09/04/2024 00:12,-86,21,210047,audio/mpeg
10116,6,09/04/2024 00:31,-79,21,210047,audio/mpeg
10116,6,09/04/2024 00:53,-84,21,210047,audio/mpeg
1988,6,09/04/2024 06:27,-81,16,160105,audio/mpeg
10116,6,09/04/2024 06:31,-79,21,210047,audio/mpeg
7787,6,09/04/2024 07:43,-90,33,330062,audio/mpeg
10116,6,09/04/2024 08:07,-81,21,210047,audio/mpeg
10116,6,09/04/2024 08:20,-82,21,210047,audio/mpeg
6613,6,09/04/2024 09:11,-108,56,560115,audio/mpeg
10116,6,09/04/2024 13:30,-81,21,210047,audio/mpeg
10116,6,09/04/2024 13:36,-80,21,210047,audio/mpeg
10116,6,09/04/2024 13:47,-106,21,210047,audio/mpeg
10116,6,09/04/2024 13:56,-81,21,210047,audio/mpeg
10116,6,09/04/2024 14:04,-84,21,210047,audio/mpeg
20054,6,09/04/2024 14:37,-72,56,56042,audio/mpeg
21686,6,09/04/2024 17:16,-52,73,730003,audio/mpeg
5624,6,09/04/2024 23:43,-75,9,90019,audio/mpeg
5525,6,10/04/2024 00:08,-72,16,160052,audio/mpeg
4193,6,10/04/2024 09:55,-68,56,560115,audio/mpeg
18578,6,10/04/2024 17:58,-94,33,330032,audio/mpeg
18578,6,10/04/2024 18:00,-99,33,330032,audio/mpeg
5274,6,10/04/2024 18:02,-80,20,201007,audio/mpeg
18578,6,10/04/2024 18:03,-96,33,330032,audio/mpeg
7300,6,10/04/2024 18:28,-52,16,160124,audio/mpeg
10763,6,10/04/2024 20:27,-94,15,150003,audio/mpeg
15429,6,10/04/2024 21:28,-85,73,730003,audio/mpeg
10926,6,10/04/2024 21:57,-94,9,90004,audio/mpeg
16181,6,11/04/2024 08:51,-96,56,560123,audio/mpeg
19358,6,11/04/2024 13:38,-82,56,560318,audio/mpeg
11763,6,11/04/2024 15:22,-76,9,90004,audio/mpeg
7897,6,11/04/2024 15:45,-90,33,330062,audio/mpeg
16042,6,11/04/2024 16:39,-58,46,460012,audio/mpeg
13110,6,11/04/2024 17:52,-87,46,460012,audio/mpeg
21888,6,11/04/2024 20:04,-85,15,151123,audio/mpeg
5857,6,11/04/2024 22:16,-76,9,90019,audio/mpeg
13080,6,12/04/2024 09:00,-88,46,46003,audio/mpeg
14666,6,12/04/2024 09:34,-110,73,730004,audio/mpeg
14666,6,12/04/2024 10:48,-100,73,730004,audio/mpeg
5030,6,12/04/2024 11:06,-72,16,160124,audio/mpeg
9648,6,12/04/2024 13:36,-86,16,160052,audio/mpeg
19560,6,12/04/2024 15:48,-64,19,190008,audio/mpeg
12801,6,12/04/2024 18:42,-76,46,461031,audio/mpeg
19722,6,12/04/2024 19:38,-96,19,190009,audio/mpeg
4910,6,12/04/2024 20:03,-51,16,160106,audio/mpeg
6597,6,12/04/2024 20:27,-90,56,560115,audio/mpeg
5409,6,13/04/2024 06:24,-99,15,150089,audio/mpeg
14545,6,13/04/2024 12:22,-72,73,730004,audio/mpeg
21708,6,13/04/2024 14:10,-81,15,150003,audio/mpeg
4382,6,13/04/2024 16:47,-70,5,50005,audio/mpeg
1595,6,13/04/2024 19:43,-82,19,190004,audio/mpeg
1595,6,13/04/2024 19:51,-90,19,190004,audio/mpeg
3125,6,14/04/2024 05:24,-72,57,570026,audio/mpeg
14545,6,14/04/2024 12:40,-72,73,730004,audio/mpeg
20081,6,14/04/2024 14:16,-81,33,330033,audio/mpeg
7586,6,14/04/2024 14:44,-73,16,161079,audio/mpeg
19844,6,14/04/2024 17:04,-88,19,190009,audio/mpeg
10709,6,14/04/2024 17:08,-62,15,151123,audio/mpeg
15310,6,14/04/2024 17:38,-81,46,461039,audio/mpeg
11976,6,14/04/2024 19:22,-94,9,90004,audio/mpeg
10077,6,14/04/2024 19:41,-60,56,560257,audio/mpeg
19509,6,14/04/2024 23:19,-69,19,190009,audio/mpeg
3125,6,15/04/2024 06:02,-74,57,570026,audio/mpeg
18451,6,15/04/2024 11:18,-90,27,271001,audio/mpeg
16233,6,15/04/2024 15:08,-66,15,15009,audio/mpeg
21152,6,15/04/2024 15:49,-72,19,190008,audio/mpeg
21977,6,15/04/2024 17:31,-70,33,330031,audio/mpeg
14545,6,15/04/2024 18:14,-69,73,730004,audio/mpeg
14545,6,15/04/2024 18:15,-68,73,730004,audio/mpeg
14545,6,15/04/2024 18:15,-70,73,730004,audio/mpeg
5418,6,15/04/2024 21:34,-94,16,160051,audio/mpeg
16173,6,15/04/2024 22:22,-86,46,460012,audio/mpeg
16173,6,15/04/2024 22:29,-84,46,460012,audio/mpeg
16173,6,16/04/2024 03:53,-84,46,460012,audio/mpeg
16173,6,16/04/2024 04:03,-90,46,460012,audio/mpeg
14545,6,16/04/2024 04:03,-78,73,730004,audio/mpeg
6933,6,16/04/2024 05:52,-90,16,160051,audio/mpeg
9230,6,16/04/2024 07:23,-92,16,161079,audio/mpeg
5772,6,16/04/2024 10:13,-50,16,161079,audio/mpeg
16173,6,16/04/2024 12:21,-88,46,460012,audio/mpeg
8820,6,16/04/2024 13:31,-92,33,330062,audio/mpeg
19215,6,16/04/2024 14:35,-63,33,330033,audio/mpeg
16173,6,16/04/2024 15:04,-78,46,460012,audio/mpeg
14966,6,17/04/2024 09:22,-76,73,730003,audio/mpeg
13913,6,17/04/2024 12:48,-75,56,560217,audio/mpeg
11503,6,17/04/2024 13:53,-76,15,151123,audio/mpeg
20054,6,17/04/2024 15:23,-108,56,56042,audio/mpeg
20054,6,17/04/2024 15:23,-108,56,56042,audio/mpeg
20054,6,17/04/2024 15:26,-4,56,56042,audio/mpeg
20054,6,17/04/2024 15:26,-4,56,56042,audio/mpeg
20054,6,17/04/2024 15:26,-21,56,56042,audio/mpeg
20054,6,17/04/2024 15:32,-32,56,56042,audio/mpeg
20054,6,17/04/2024 15:34,-26,56,56042,audio/mpeg
20054,6,17/04/2024 16:01,-56,56,56042,audio/mpeg
16173,6,17/04/2024 19:24,-84,46,460012,audio/mpeg
20628,6,18/04/2024 11:50,-92,19,190008,audio/mpeg
17684,6,18/04/2024 13:20,-68,46,461023,audio/mpeg
7207,6,18/04/2024 16:13,-86,9,90019,audio/mpeg
3202,6,18/04/2024 20:13,-86,16,160106,audio/mpeg
5391,6,18/04/2024 20:35,-108,16,160051,audio/mpeg
3202,6,19/04/2024 00:59,-74,16,160106,audio/mpeg
3202,6,19/04/2024 01:15,-63,16,160106,audio/mpeg
3202,6,19/04/2024 01:41,-80,16,160106,audio/mpeg
3202,6,19/04/2024 02:16,-69,16,160106,audio/mpeg
3202,6,19/04/2024 02:33,-75,16,160106,audio/mpeg
3202,6,19/04/2024 02:45,-84,16,160106,audio/mpeg
3202,6,19/04/2024 02:45,-84,16,160106,audio/mpeg
3202,6,19/04/2024 02:51,-78,16,160106,audio/mpeg
3202,6,19/04/2024 02:51,-78,16,160106,audio/mpeg
3202,6,19/04/2024 02:57,-87,16,160106,audio/mpeg
3202,6,19/04/2024 03:14,-78,16,160106,audio/mpeg
3202,6,19/04/2024 03:22,-78,16,160106,audio/mpeg
3202,6,19/04/2024 03:29,-78,16,160106,audio/mpeg
3202,6,19/04/2024 04:08,-67,16,160106,audio/mpeg
3202,6,19/04/2024 04:30,-84,16,160106,audio/mpeg
3202,6,19/04/2024 04:49,-76,16,160106,audio/mpeg
3202,6,19/04/2024 05:25,-90,16,160106,audio/mpeg
3202,6,19/04/2024 07:58,-80,16,160106,audio/mpeg
9945,6,19/04/2024 11:01,-76,15,151121,audio/mpeg
3202,6,19/04/2024 13:51,-78,16,160106,audio/mpeg
14365,6,19/04/2024 13:53,-95,73,730003,audio/mpeg
3202,6,19/04/2024 14:05,-81,16,160106,audio/mpeg
3202,6,19/04/2024 17:14,-84,16,160106,audio/mpeg
3202,6,19/04/2024 17:30,-75,16,160106,audio/mpeg
3202,6,19/04/2024 17:30,-75,16,160106,audio/mpeg
3202,6,19/04/2024 17:36,-78,16,160106,audio/mpeg
3202,6,19/04/2024 18:02,-76,16,160106,audio/mpeg
3202,6,19/04/2024 19:55,-73,16,160106,audio/mpeg
3202,6,19/04/2024 19:57,-80,16,160106,audio/mpeg
3202,6,19/04/2024 19:58,-74,16,160106,audio/mpeg
3202,6,19/04/2024 19:58,-72,16,160106,audio/mpeg
3202,6,19/04/2024 20:00,-71,16,160106,audio/mpeg
3202,6,19/04/2024 20:11,-74,16,160106,audio/mpeg
3202,6,19/04/2024 20:14,-80,16,160106,audio/mpeg
3202,6,19/04/2024 20:17,-74,16,160106,audio/mpeg
3202,6,19/04/2024 20:17,-74,16,160106,audio/mpeg
3202,6,19/04/2024 20:23,-80,16,160106,audio/mpeg
3202,6,19/04/2024 20:33,-78,16,160106,audio/mpeg
3202,6,19/04/2024 20:33,-78,16,160106,audio/mpeg
3202,6,19/04/2024 20:39,-88,16,160106,audio/mpeg
3202,6,19/04/2024 20:46,-80,16,160106,audio/mpeg
3202,6,19/04/2024 21:05,-76,16,160106,audio/mpeg
3202,6,19/04/2024 21:14,-79,16,160106,audio/mpeg
3202,6,19/04/2024 21:14,-79,16,160106,audio/mpeg
3202,6,19/04/2024 21:19,-80,16,160106,audio/mpeg
3202,6,19/04/2024 21:43,-80,16,160106,audio/mpeg
3202,6,19/04/2024 22:24,-88,16,160106,audio/mpeg
3202,6,19/04/2024 22:40,-76,16,160106,audio/mpeg
3202,6,20/04/2024 00:17,-82,16,160106,audio/mpeg
3202,6,20/04/2024 00:31,-84,16,160106,audio/mpeg
3202,6,20/04/2024 00:39,-80,16,160106,audio/mpeg
3202,6,20/04/2024 00:39,-80,16,160106,audio/mpeg
3202,6,20/04/2024 00:44,-93,16,160106,audio/mpeg
3202,6,20/04/2024 00:52,-79,16,160106,audio/mpeg
3202,6,20/04/2024 00:52,-79,16,160106,audio/mpeg
3202,6,20/04/2024 00:58,-80,16,160106,audio/mpeg
3202,6,20/04/2024 00:58,-80,16,160106,audio/mpeg
3202,6,20/04/2024 01:03,-80,16,160106,audio/mpeg
3202,6,20/04/2024 01:03,-80,16,160106,audio/mpeg
3202,6,20/04/2024 01:08,-74,16,160106,audio/mpeg
3202,6,20/04/2024 01:16,-80,16,160106,audio/mpeg
3202,6,20/04/2024 01:16,-80,16,160106,audio/mpeg
3202,6,20/04/2024 01:22,-58,16,160106,audio/mpeg
3202,6,20/04/2024 01:22,-58,16,160106,audio/mpeg
3202,6,20/04/2024 01:26,-76,16,160106,audio/mpeg
3202,6,20/04/2024 01:34,-76,16,160106,audio/mpeg
3202,6,20/04/2024 01:49,-80,16,160106,audio/mpeg
3202,6,20/04/2024 02:05,-84,16,160106,audio/mpeg
3441,6,20/04/2024 02:09,-87,56,560257,audio/mpeg
3202,6,20/04/2024 02:14,-80,16,160106,audio/mpeg
3202,6,20/04/2024 02:24,-78,16,160106,audio/mpeg
3125,6,20/04/2024 10:06,-40,57,570026,audio/mpeg
17637,6,20/04/2024 13:56,-60,31,31017,audio/mpeg
13214,6,20/04/2024 16:58,-66,46,461022,audio/mpeg
15897,6,21/04/2024 02:24,-87,46,46003,audio/mpeg
3125,6,21/04/2024 11:41,-75,57,570026,audio/mpeg
6376,6,21/04/2024 16:34,-70,16,160051,audio/mpeg
3458,6,21/04/2024 18:09,-80,56,560257,audio/mpeg
12446,6,21/04/2024 21:38,-86,73,730003,audio/mpeg
3085,6,22/04/2024 09:01,-76,16,160105,audio/mpeg
17637,6,22/04/2024 09:17,-62,31,31017,audio/mpeg
12533,6,22/04/2024 10:28,-67,46,46003,audio/mpeg
18462,6,22/04/2024 12:14,-56,31,31017,audio/mpeg
11103,6,22/04/2024 21:18,-81,15,151123,audio/mpeg
11103,6,22/04/2024 21:18,-81,15,151123,audio/mpeg
11103,6,22/04/2024 21:23,-84,15,151123,audio/mpeg
5041,6,22/04/2024 23:28,-52,14,140151,audio/mpeg
18984,6,23/04/2024 01:15,-57,33,330033,audio/mpeg
17324,6,23/04/2024 14:01,-72,46,461023,audio/mpeg
22101,6,25/04/2024 10:18,-67,15,15009,audio/mpeg
8996,6,26/04/2024 05:43,-81,19,190004,audio/mpeg
14578,6,26/04/2024 10:07,-69,73,730003,audio/mpeg
13503,6,26/04/2024 14:17,-80,46,460012,audio/mpeg
14419,6,26/04/2024 14:32,-84,56,56042,audio/mpeg
6386,6,26/04/2024 19:40,-73,16,160051,audio/mpeg
6120,6,27/04/2024 11:18,-58,21,210047,audio/mpeg
19857,6,27/04/2024 17:28,-82,19,190007,audio/mpeg
19857,6,27/04/2024 17:49,-90,19,190007,audio/mpeg
19857,6,27/04/2024 18:07,-84,19,190007,audio/mpeg
9052,6,27/04/2024 18:58,-88,21,210047,audio/mpeg
6483,6,27/04/2024 20:22,-88,37,37009,audio/mpeg
19857,6,27/04/2024 20:47,-85,19,190007,audio/mpeg
19857,6,27/04/2024 20:54,-90,19,190007,audio/mpeg
19857,6,27/04/2024 21:20,-85,19,190007,audio/mpeg
19857,6,27/04/2024 23:03,-92,19,190007,audio/mpeg
20039,6,28/04/2024 03:41,-88,19,190009,audio/mpeg
19857,6,28/04/2024 06:41,-84,19,190007,audio/mpeg
19857,6,28/04/2024 07:47,-85,19,190007,audio/mpeg
1330,6,28/04/2024 09:39,-70,19,190004,audio/mpeg
10074,6,28/04/2024 13:45,-66,56,560257,audio/mpeg
7858,6,28/04/2024 16:41,-92,33,330061,audio/mpeg
13936,6,28/04/2024 19:07,-56,56,560217,audio/mpeg
13936,6,28/04/2024 19:07,-56,56,560217,audio/mpeg
19857,6,29/04/2024 06:57,-88,19,190007,audio/mpeg
7310,6,29/04/2024 08:10,-54,19,190004,audio/mpeg
19049,6,29/04/2024 09:18,-69,19,190007,audio/mpeg
18917,6,29/04/2024 10:18,-64,19,190007,audio/mpeg
19857,6,29/04/2024 10:29,-86,19,190007,audio/mpeg
19857,6,29/04/2024 23:52,-86,19,190007,audio/mpeg
19857,6,30/04/2024 05:01,-74,19,190007,audio/mpeg
19857,6,30/04/2024 05:16,-88,19,190007,audio/mpeg
19857,6,30/04/2024 05:16,-88,19,190007,audio/mpeg
19857,6,30/04/2024 05:22,-88,19,190007,audio/mpeg
19857,6,30/04/2024 05:49,-100,19,190007,audio/mpeg
19857,6,30/04/2024 06:06,-88,19,190007,audio/mpeg
19857,6,30/04/2024 06:22,-90,19,190007,audio/mpeg
19857,6,30/04/2024 07:02,-90,19,190007,audio/mpeg
19857,6,30/04/2024 07:14,-90,19,190007,audio/mpeg
19857,6,30/04/2024 07:37,-88,19,190007,audio/mpeg
19857,6,30/04/2024 07:48,-87,19,190007,audio/mpeg
19857,6,30/04/2024 08:13,-87,19,190007,audio/mpeg
19857,6,30/04/2024 09:28,-100,19,190007,audio/mpeg
19857,6,30/04/2024 09:56,-90,19,190007,audio/mpeg
6520,6,30/04/2024 11:32,-86,33,330062,audio/mpeg
19857,6,30/04/2024 13:05,-82,19,190007,audio/mpeg
19857,6,30/04/2024 14:07,-81,19,190007,audio/mpeg
19857,6,30/04/2024 16:11,-88,19,190007,audio/mpeg
19857,6,30/04/2024 16:18,-86,19,190007,audio/mpeg
19857,6,30/04/2024 16:18,-86,19,190007,audio/mpeg
19857,6,30/04/2024 16:25,-88,19,190007,audio/mpeg
19857,6,30/04/2024 17:08,-90,19,190007,audio/mpeg
19857,6,30/04/2024 18:17,-85,19,190007,audio/mpeg
19857,6,30/04/2024 19:30,-85,19,190007,audio/mpeg
19857,6,30/04/2024 20:23,-78,19,190007,audio/mpeg
19857,6,30/04/2024 22:40,-88,19,190007,audio/mpeg
19857,6,30/04/2024 23:31,-85,19,190007,audio/mpeg
7231,6,01/05/2024 11:23,-88,9,90019,audio/mpeg
19857,6,02/05/2024 02:07,-86,19,190007,audio/mpeg
7043,6,02/05/2024 12:48,-87,9,90019,audio/mpeg
14233,6,02/05/2024 13:03,-63,56,56042,audio/mpeg
19515,6,02/05/2024 15:03,-72,56,56042,audio/mpeg
19133,6,02/05/2024 17:15,-72,19,190007,audio/mpeg
18347,6,02/05/2024 19:28,-58,27,271001,audio/mpeg
7571,6,03/05/2024 10:38,-90,33,330061,audio/mpeg
19857,6,04/05/2024 00:08,-86,19,190007,audio/mpeg
2613,6,04/05/2024 13:10,-74,19,190004,audio/mpeg
6871,6,04/05/2024 22:38,-89,16,160051,audio/mpeg
6871,6,04/05/2024 22:56,-90,16,160051,audio/mpeg
6871,6,04/05/2024 23:53,-86,16,160051,audio/mpeg
6871,6,05/05/2024 00:06,-90,16,160051,audio/mpeg
9862,6,05/05/2024 19:47,-67,15,151121,audio/mpeg
19857,6,05/05/2024 21:43,-84,19,190007,audio/mpeg
13948,6,05/05/2024 22:44,-93,56,560217,audio/mpeg
13719,6,06/05/2024 00:14,-48,46,460012,audio/mpeg
13719,6,06/05/2024 00:21,-48,46,460012,audio/mpeg
18186,6,06/05/2024 11:44,-92,27,271001,audio/mpeg
18186,6,06/05/2024 11:59,-77,27,271001,audio/mpeg
7671,6,06/05/2024 17:36,-86,16,160051,audio/mpeg
8851,6,07/05/2024 13:40,-90,33,330062,audio/mpeg
20054,6,07/05/2024 19:45,-64,56,56042,audio/mpeg
20054,6,07/05/2024 19:47,-76,56,56042,audio/mpeg
20054,6,07/05/2024 19:48,-81,56,56042,audio/mpeg
8759,6,08/05/2024 05:00,-88,46,460544,audio/mpeg
19857,6,08/05/2024 05:16,-74,19,190007,audio/mpeg
19857,6,08/05/2024 06:09,-85,19,190007,audio/mpeg
19857,6,08/05/2024 07:58,-85,19,190007,audio/mpeg
19857,6,08/05/2024 08:19,-86,19,190007,audio/mpeg
19857,6,08/05/2024 09:54,-86,19,190007,audio/mpeg
20054,6,08/05/2024 10:18,-72,56,56042,audio/mpeg
20054,6,08/05/2024 10:18,-58,56,56042,audio/mpeg
20054,6,08/05/2024 10:22,-63,56,56042,audio/mpeg
20054,6,08/05/2024 11:34,-62,56,56042,audio/mpeg
20054,6,08/05/2024 13:33,-64,56,56042,audio/mpeg
20054,6,08/05/2024 14:47,-64,56,56042,audio/mpeg
20054,6,08/05/2024 18:46,-60,56,56042,audio/mpeg
20054,6,08/05/2024 18:55,-78,56,56042,audio/mpeg
20054,6,08/05/2024 18:55,-78,56,56042,audio/mpeg
20054,6,08/05/2024 18:57,-68,56,56042,audio/mpeg
20054,6,08/05/2024 18:57,-68,56,56042,audio/mpeg
20054,6,08/05/2024 19:00,-60,56,56042,audio/mpeg
20054,6,08/05/2024 19:00,-60,56,56042,audio/mpeg